{
  "formatVersion": 1,
  "database": {
    "version": 1,
    "identityHash": "fe13266879092cc32a3fc739abbfbd55",
    "entities": [
      {
        "tableName": "cheeses",
        "createSql": "CREATE TABLE IF NOT EXISTS `${TABLE_NAME}` (`_id` INTEGER PRIMARY KEY AUTOINCREMENT NOT NULL, `name` TEXT)",
        "fields": [
          {
            "fieldPath": "id",
            "columnName": "_id",
            "affinity": "INTEGER",
            "notNull": true
          },
          {
            "fieldPath": "name",
            "columnName": "name",
            "affinity": "TEXT",
            "notNull": false
          }
        ],
        "primaryKey": {
          "columnNames": [
            "_id"
          ],
          "autoGenerate": true
        },
        "indices": [
          {
            "name": "index_cheeses__id",
            "unique": false,
            "columnNames": [
              "_id"
            ],
            "createSql": "CREATE  INDEX `index_cheeses__id` ON `${TABLE_NAME}` (`_id`)"
          }
        ],
        "foreignKeys": []
      }
    ],
    "setupQueries": [
      "CREATE TABLE IF NOT EXISTS room_master_table (id INTEGER PRIMARY KEY,identity_hash TEXT)",
      "INSERT OR REPLACE INTO room_master_table (id,identity_hash) VALUES(42, \"fe13266879092cc32a3fc739abbfbd55\")"
    ]
  }
}